kind,game_id,season,week,team,opp,qb,sr,epa,w,n
Q,2026_01_ARI_LAC,2026,1,ARI,,00-0033119,,10.21,37.25,38
Q,2026_01_ARI_LAC,2026,1,LAC,,00-0036355,,-1.4408,25.5,30
T,2026_01_ARI_LAC,2026,1,ARI,LAC,,0.50958,0.18739,65.25,69
T,2026_01_ARI_LAC,2026,1,LAC,ARI,,0.41398,-0.17796,46.5,51
Q,2026_01_ATL_PIT,2026,1,ATL,,00-0033662,,-15.7645,26.0,26
Q,2026_01_ATL_PIT,2026,1,PIT,,00-0023459,,-12.0851,42.0,42
Q,2026_01_ATL_PIT,2026,1,PIT,,00-0033729,,-1.8445,1.0,1
T,2026_01_ATL_PIT,2026,1,ATL,PIT,,0.38596,-0.32101,57.0,57
T,2026_01_ATL_PIT,2026,1,PIT,ATL,,0.32353,-0.30924,59.5,61
Q,2026_01_BAL_IND,2026,1,BAL,,00-0034796,,9.771,21.5,26
Q,2026_01_BAL_IND,2026,1,IND,,00-0035710,,-13.246,22.5,33
T,2026_01_BAL_IND,2026,1,BAL,IND,,0.46667,0.41666,45.0,60
T,2026_01_BAL_IND,2026,1,IND,BAL,,0.39024,-0.32052,41.0,53
Q,2026_01_BUF_HOU,2026,1,BUF,,00-0034857,,14.535,32.0,32
Q,2026_01_BUF_HOU,2026,1,HOU,,00-0039163,,1.4964,41.0,41
T,2026_01_BUF_HOU,2026,1,BUF,HOU,,0.40385,0.22926,52.0,52
T,2026_01_BUF_HOU,2026,1,HOU,BUF,,0.46575,0.06891,73.0,73
Q,2026_01_CHI_CAR,2026,1,CAR,,00-0038102,,-0.0953,0.25,1
Q,2026_01_CHI_CAR,2026,1,CAR,,00-0039150,,4.4977,32.25,39
Q,2026_01_CHI_CAR,2026,1,CHI,,00-0039918,,9.804,27.25,31
T,2026_01_CHI_CAR,2026,1,CAR,CHI,,0.47208,0.1173,49.25,62
T,2026_01_CHI_CAR,2026,1,CHI,CAR,,0.55172,0.37479,58.0,70
Q,2026_01_CLE_JAX,2026,1,CLE,,00-0033537,,-12.1304,12.75,27
Q,2026_01_CLE_JAX,2026,1,JAX,,00-0036971,,14.4081,18.75,24
T,2026_01_CLE_JAX,2026,1,CLE,JAX,,0.35227,-0.59287,22.0,49
T,2026_01_CLE_JAX,2026,1,JAX,CLE,,0.6014,0.39086,35.75,53
Q,2026_01_DAL_NYG,2026,1,DAL,,00-0033077,,7.6233,28.0,34
Q,2026_01_DAL_NYG,2026,1,NYG,,00-0040691,,21.6407,30.25,31
T,2026_01_DAL_NYG,2026,1,DAL,NYG,,0.47283,0.18951,46.0,52
T,2026_01_DAL_NYG,2026,1,NYG,DAL,,0.61506,0.38923,59.75,65
Q,2026_01_DEN_KC,2026,1,DEN,,00-0039732,,-10.5352,26.75,32
Q,2026_01_DEN_KC,2026,1,KC,,00-0033873,,-4.6821,23.75,29
T,2026_01_DEN_KC,2026,1,DEN,KC,,0.3758,-0.28516,39.25,46
T,2026_01_DEN_KC,2026,1,KC,DEN,,0.40385,0.14326,52.0,64
Q,2026_01_GB_MIN,2026,1,GB,,00-0036264,,-0.7288,37.75,46
Q,2026_01_GB_MIN,2026,1,MIN,,00-0032950,,2.7781,22.25,23
Q,2026_01_GB_MIN,2026,1,MIN,,00-0035228,,-4.4683,5.0,5
T,2026_01_GB_MIN,2026,1,GB,MIN,,0.37872,-0.16576,58.75,67
T,2026_01_GB_MIN,2026,1,MIN,GB,,0.36161,-0.03958,56.0,59
Q,2026_01_MIA_LV,2026,1,LV,,00-0029604,,4.9801,25.5,30
Q,2026_01_MIA_LV,2026,1,MIA,,00-0038128,,-3.8908,25.25,32
T,2026_01_MIA_LV,2026,1,LV,MIA,,0.49065,0.13817,53.5,64
T,2026_01_MIA_LV,2026,1,MIA,LV,,0.37805,-0.13091,41.0,50
Q,2026_01_NE_SEA,2026,1,NE,,00-0039851,,-4.6214,36.0,36
Q,2026_01_NE_SEA,2026,1,SEA,,00-0034869,,-2.0761,3.0,3
Q,2026_01_NE_SEA,2026,1,SEA,,00-0035704,,6.4446,23.0,23
T,2026_01_NE_SEA,2026,1,NE,SEA,,0.41791,-0.10963,67.0,67
T,2026_01_NE_SEA,2026,1,SEA,NE,,0.40426,0.0656,47.0,47
Q,2026_01_NO_DET,2026,1,DET,,00-0033106,,-0.8969,38.5,40
Q,2026_01_NO_DET,2026,1,NO,,00-0040743,,-3.4097,60.25,61
T,2026_01_NO_DET,2026,1,DET,NO,,0.45105,-0.02244,71.5,73
T,2026_01_NO_DET,2026,1,NO,DET,,0.40828,-0.07879,84.5,86
Q,2026_01_NYJ_TEN,2026,1,NYJ,,00-0030565,,10.1932,22.5,24
Q,2026_01_NYJ_TEN,2026,1,TEN,,00-0040676,,-8.0101,23.75,35
T,2026_01_NYJ_TEN,2026,1,NYJ,TEN,,0.55882,0.2558,51.0,60
T,2026_01_NYJ_TEN,2026,1,TEN,NYJ,,0.42958,-0.18178,35.5,49
Q,2026_01_SF_LA,2026,1,LA,,00-0026498,,-4.1526,18.25,25
Q,2026_01_SF_LA,2026,1,LA,,00-0039107,,0.0472,0.75,3
Q,2026_01_SF_LA,2026,1,SF,,00-0037834,,6.7149,32.5,34
T,2026_01_SF_LA,2026,1,LA,SF,,0.45732,-0.14253,41.0,56
T,2026_01_SF_LA,2026,1,SF,LA,,0.60262,0.23904,57.25,64
Q,2026_01_TB_CIN,2026,1,CIN,,00-0036442,,-2.363,34.5,36
Q,2026_01_TB_CIN,2026,1,TB,,00-0034855,,-8.8209,31.25,32
T,2026_01_TB_CIN,2026,1,CIN,TB,,0.46977,0.00326,53.75,62
T,2026_01_TB_CIN,2026,1,TB,CIN,,0.46269,-0.20606,50.25,51
Q,2026_01_WAS_PHI,2026,1,PHI,,00-0036389,,1.2734,28.0,28
Q,2026_01_WAS_PHI,2026,1,WAS,,00-0039910,,3.9058,36.0,36
T,2026_01_WAS_PHI,2026,1,PHI,WAS,,0.35294,0.07102,51.0,51
T,2026_01_WAS_PHI,2026,1,WAS,PHI,,0.42647,0.0599,68.0,68
Q,2026_02_CAR_ATL,2026,2,ATL,,00-0033662,,-6.6009,16.5,18
Q,2026_02_CAR_ATL,2026,2,ATL,,00-0041194,,-3.2149,4.25,17
Q,2026_02_CAR_ATL,2026,2,CAR,,00-0039150,,13.5596,32.75,38
T,2026_02_CAR_ATL,2026,2,ATL,CAR,,0.37278,-0.42192,42.25,67
T,2026_02_CAR_ATL,2026,2,CAR,ATL,,0.44149,0.264,47.0,59
Q,2026_02_CIN_HOU,2026,2,CIN,,00-0036442,,2.7188,32.25,36
Q,2026_02_CIN_HOU,2026,2,HOU,,00-0039163,,-0.0577,41.25,57
Q,2026_02_CIN_HOU,2026,2,HOU,,00-0040654,,-3.3042,1.0,1
T,2026_02_CIN_HOU,2026,2,CIN,HOU,,0.33166,0.00717,49.75,58
T,2026_02_CIN_HOU,2026,2,HOU,CIN,,0.35714,-0.20417,59.5,76
Q,2026_02_CLE_TB,2026,2,CLE,,00-0033537,,10.3738,32.0,32
Q,2026_02_CLE_TB,2026,2,TB,,00-0034855,,-13.5606,37.0,37
T,2026_02_CLE_TB,2026,2,CLE,TB,,0.43396,0.00937,53.0,53
T,2026_02_CLE_TB,2026,2,TB,CLE,,0.3871,-0.14605,62.0,62
Q,2026_02_DET_BUF,2026,2,BUF,,00-0034857,,11.9336,30.0,33
Q,2026_02_DET_BUF,2026,2,DET,,00-0033106,,10.346,30.0,42
T,2026_02_DET_BUF,2026,2,BUF,DET,,0.58009,0.44657,57.75,66
T,2026_02_DET_BUF,2026,2,DET,BUF,,0.48649,0.18059,46.25,62
Q,2026_02_GB_NYJ,2026,2,GB,,00-0036264,,-3.1685,32.0,32
Q,2026_02_GB_NYJ,2026,2,NYJ,,00-0030565,,4.3042,44.0,44
T,2026_02_GB_NYJ,2026,2,GB,NYJ,,0.32,-0.22218,50.0,50
T,2026_02_GB_NYJ,2026,2,NYJ,GB,,0.38028,-0.10616,71.0,71
Q,2026_02_IND_KC,2026,2,IND,,00-0035710,,5.8864,31.0,31
Q,2026_02_IND_KC,2026,2,KC,,00-0033873,,13.4246,49.0,49
T,2026_02_IND_KC,2026,2,IND,KC,,0.47619,0.15448,63.0,63
T,2026_02_IND_KC,2026,2,KC,IND,,0.55128,0.22895,78.0,78
Q,2026_02_JAX_DEN,2026,2,DEN,,00-0039732,,8.4309,31.0,31
Q,2026_02_JAX_DEN,2026,2,JAX,,00-0036971,,-4.1151,31.0,31
T,2026_02_JAX_DEN,2026,2,DEN,JAX,,0.48165,0.11434,54.5,56
T,2026_02_JAX_DEN,2026,2,JAX,DEN,,0.43636,-0.04757,55.0,55
Q,2026_02_LV_LAC,2026,2,LAC,,00-0036355,,2.7201,27.0,30
Q,2026_02_LV_LAC,2026,2,LV,,00-0029604,,5.9727,31.0,31
T,2026_02_LV_LAC,2026,2,LAC,LV,,0.37288,-0.21871,59.0,62
T,2026_02_LV_LAC,2026,2,LV,LAC,,0.3653,-0.0689,54.75,57
Q,2026_02_MIA_SF,2026,2,MIA,,00-0038128,,1.2831,19.5,27
Q,2026_02_MIA_SF,2026,2,SF,,00-0037834,,17.5304,14.5,22
T,2026_02_MIA_SF,2026,2,MIA,SF,,0.45294,0.03897,42.5,56
T,2026_02_MIA_SF,2026,2,SF,MIA,,0.60938,0.56491,32.0,47
Q,2026_02_MIN_CHI,2026,2,CHI,,00-0038416,,-2.6423,9.0,9
Q,2026_02_MIN_CHI,2026,2,CHI,,00-0039918,,-1.0479,29.0,29
Q,2026_02_MIN_CHI,2026,2,MIN,,00-0032950,,0.5133,23.0,23
T,2026_02_MIN_CHI,2026,2,CHI,MIN,,0.31884,-0.12535,69.0,69
T,2026_02_MIN_CHI,2026,2,MIN,CHI,,0.33333,-0.07789,51.0,51
Q,2026_02_NO_BAL,2026,2,BAL,,00-0034796,,3.3951,33.0,33
Q,2026_02_NO_BAL,2026,2,NO,,00-0040743,,10.929,37.0,37
T,2026_02_NO_BAL,2026,2,BAL,NO,,0.63636,0.11618,55.0,55
T,2026_02_NO_BAL,2026,2,NO,BAL,,0.45312,0.14906,64.0,64
Q,2026_02_NYG_LA,2026,2,LA,,00-0026498,,15.2036,25.0,31
Q,2026_02_NYG_LA,2026,2,NYG,,00-0031503,,-12.6371,20.75,29
Q,2026_02_NYG_LA,2026,2,NYG,,00-0040691,,-1.1158,5.0,5
T,2026_02_NYG_LA,2026,2,LA,NYG,,0.51899,0.29395,39.5,56
T,2026_02_NYG_LA,2026,2,NYG,LA,,0.24862,-0.44211,45.25,55
Q,2026_02_PHI_TEN,2026,2,PHI,,00-0036389,,8.767,40.0,40
Q,2026_02_PHI_TEN,2026,2,TEN,,00-0040676,,-0.0977,22.0,22
T,2026_02_PHI_TEN,2026,2,PHI,TEN,,0.40278,0.03898,72.0,72
T,2026_02_PHI_TEN,2026,2,TEN,PHI,,0.43137,0.07502,51.0,51
Q,2026_02_PIT_NE,2026,2,NE,,00-0039851,,-3.49,23.5,25
Q,2026_02_PIT_NE,2026,2,PIT,,00-0023459,,-17.8949,33.25,43
Q,2026_02_PIT_NE,2026,2,PIT,,00-0034771,,-0.1045,0.25,1
T,2026_02_PIT_NE,2026,2,NE,PIT,,0.47368,-0.00087,42.75,51
T,2026_02_PIT_NE,2026,2,PIT,NE,,0.35023,-0.36496,54.25,67
Q,2026_02_SEA_ARI,2026,2,ARI,,00-0033119,,-6.0835,27.75,30
Q,2026_02_SEA_ARI,2026,2,SEA,,00-0035704,,15.3837,26.25,27
T,2026_02_SEA_ARI,2026,2,ARI,SEA,,0.31214,-0.28765,43.25,47
T,2026_02_SEA_ARI,2026,2,SEA,ARI,,0.44091,0.0872,55.0,67
Q,2026_02_WAS_DAL,2026,2,DAL,,00-0033077,,11.6567,28.5,33
Q,2026_02_WAS_DAL,2026,2,WAS,,00-0032268,,-2.3819,8.5,16
Q,2026_02_WAS_DAL,2026,2,WAS,,00-0036626,,-0.4647,1.0,1
Q,2026_02_WAS_DAL,2026,2,WAS,,00-0039910,,0.1794,17.0,17
Q,2026_02_WAS_DAL,2026,2,WAS,,00-0041040,,-0.5817,1.0,1
T,2026_02_WAS_DAL,2026,2,DAL,WAS,,0.5614,0.22626,42.75,54
T,2026_02_WAS_DAL,2026,2,WAS,DAL,,0.46188,0.03074,55.75,67
Q,2026_03_ARI_SF,2026,3,ARI,,00-0033119,,9.7422,50.75,53
Q,2026_03_ARI_SF,2026,3,SF,,00-0037834,,19.4436,26.25,27
T,2026_03_ARI_SF,2026,3,ARI,SF,,0.52412,0.15545,77.75,80
T,2026_03_ARI_SF,2026,3,SF,ARI,,0.57368,0.45548,47.5,49
Q,2026_03_ATL_GB,2026,3,ATL,,00-0039917,,2.2443,23.0,26
Q,2026_03_ATL_GB,2026,3,GB,,00-0036264,,0.5228,36.75,54
T,2026_03_ATL_GB,2026,3,ATL,GB,,0.64186,0.24504,53.75,65
T,2026_03_ATL_GB,2026,3,GB,ATL,,0.39891,-0.04785,45.75,63
Q,2026_03_BAL_DAL,2026,3,BAL,,00-0034796,,11.928,20.0,20
Q,2026_03_BAL_DAL,2026,3,DAL,,00-0033077,,8.4135,42.0,42
T,2026_03_BAL_DAL,2026,3,BAL,DAL,,0.5,0.13382,58.0,58
T,2026_03_BAL_DAL,2026,3,DAL,BAL,,0.47222,0.10383,72.0,72
Q,2026_03_CAR_CLE,2026,3,CAR,,00-0039150,,-5.8424,50.0,50
Q,2026_03_CAR_CLE,2026,3,CLE,,00-0033537,,2.5424,33.0,33
Q,2026_03_CAR_CLE,2026,3,CLE,,00-0040668,,-0.4044,1.0,1
T,2026_03_CAR_CLE,2026,3,CAR,CLE,,0.35135,-0.12685,74.0,74
T,2026_03_CAR_CLE,2026,3,CLE,CAR,,0.37712,0.02884,59.0,62
Q,2026_03_CIN_PIT,2026,3,CIN,,00-0036442,,14.6522,38.0,38
Q,2026_03_CIN_PIT,2026,3,PIT,,00-0023459,,8.5586,35.0,35
T,2026_03_CIN_PIT,2026,3,CIN,PIT,,0.55357,0.28075,56.0,56
T,2026_03_CIN_PIT,2026,3,PIT,CIN,,0.48214,0.20062,56.0,56
Q,2026_03_HOU_IND,2026,3,HOU,,00-0039163,,-3.0917,30.0,30
Q,2026_03_HOU_IND,2026,3,IND,,00-0035710,,-6.8715,40.0,40
T,2026_03_HOU_IND,2026,3,HOU,IND,,0.41176,-0.09221,51.0,51
T,2026_03_HOU_IND,2026,3,IND,HOU,,0.40845,-0.11371,71.0,71
Q,2026_03_KC_MIA,2026,3,KC,,00-0033873,,12.9239,24.0,24
Q,2026_03_KC_MIA,2026,3,MIA,,00-0038128,,-0.3492,32.25,36
T,2026_03_KC_MIA,2026,3,KC,MIA,,0.54011,0.16586,46.75,49
T,2026_03_KC_MIA,2026,3,MIA,KC,,0.296,-0.09078,62.5,67
Q,2026_03_LAC_BUF,2026,3,BUF,,00-0034857,,-5.3753,30.0,30
Q,2026_03_LAC_BUF,2026,3,LAC,,00-0036355,,-8.2516,32.25,36
T,2026_03_LAC_BUF,2026,3,BUF,LAC,,0.49372,-0.02007,59.75,62
T,2026_03_LAC_BUF,2026,3,LAC,BUF,,0.46058,-0.10706,60.25,64
Q,2026_03_LA_DEN,2026,3,DEN,,00-0039732,,-1.0728,37.0,37
Q,2026_03_LA_DEN,2026,3,LA,,00-0026498,,-1.1314,57.0,57
T,2026_03_LA_DEN,2026,3,DEN,LA,,0.3871,-0.00695,62.0,62
T,2026_03_LA_DEN,2026,3,LA,DEN,,0.4125,0.01412,80.0,80
Q,2026_03_LV_NO,2026,3,LV,,00-0029604,,10.6099,37.25,38
Q,2026_03_LV_NO,2026,3,NO,,00-0040743,,-4.4971,41.75,44
T,2026_03_LV_NO,2026,3,LV,NO,,0.425,0.14133,60.0,63
T,2026_03_LV_NO,2026,3,NO,LV,,0.54839,-0.02971,69.75,72
Q,2026_03_MIN_TB,2026,3,MIN,,00-0035228,,-12.6953,31.25,32
Q,2026_03_MIN_TB,2026,3,TB,,00-0034855,,-10.8778,40.0,40
Q,2026_03_MIN_TB,2026,3,TB,,00-0041251,,-0.1142,0.75,3
T,2026_03_MIN_TB,2026,3,MIN,TB,,0.22115,-0.27263,52.0,55
T,2026_03_MIN_TB,2026,3,TB,MIN,,0.26639,-0.25403,61.0,64
Q,2026_03_NE_JAX,2026,3,JAX,,00-0036971,,6.9783,27.5,29
Q,2026_03_NE_JAX,2026,3,NE,,00-0038476,,-0.1341,1.25,5
Q,2026_03_NE_JAX,2026,3,NE,,00-0039851,,-10.4822,21.25,28
Q,2026_03_NE_JAX,2026,3,NE,,00-0040563,,0.7925,1.0,1
T,2026_03_NE_JAX,2026,3,JAX,NE,,0.51777,0.21744,49.25,59
T,2026_03_NE_JAX,2026,3,NE,JAX,,0.36158,-0.21497,44.25,60
Q,2026_03_NYJ_DET,2026,3,DET,,00-0033106,,12.1361,34.0,34
Q,2026_03_NYJ_DET,2026,3,NYJ,,00-0030565,,9.4296,42.5,44
T,2026_03_NYJ_DET,2026,3,DET,NYJ,,0.59677,0.19095,62.0,62
T,2026_03_NYJ_DET,2026,3,NYJ,DET,,0.45935,0.07371,61.5,63
Q,2026_03_PHI_CHI,2026,3,CHI,,00-0028986,,8.0854,31.75,34
Q,2026_03_PHI_CHI,2026,3,PHI,,00-0027973,,-5.5691,1.0,1
Q,2026_03_PHI_CHI,2026,3,PHI,,00-0036389,,-11.8367,24.0,27
T,2026_03_PHI_CHI,2026,3,CHI,PHI,,0.47596,0.07633,52.0,67
T,2026_03_PHI_CHI,2026,3,PHI,CHI,,0.41176,-0.28178,42.5,47
Q,2026_03_SEA_WAS,2026,3,SEA,,00-0034869,,4.0802,45.0,45
Q,2026_03_SEA_WAS,2026,3,SEA,,00-0038543,,0.9251,1.0,1
Q,2026_03_SEA_WAS,2026,3,WAS,,00-0032268,,3.8473,33.0,33
T,2026_03_SEA_WAS,2026,3,SEA,WAS,,0.5,-0.04642,64.0,64
T,2026_03_SEA_WAS,2026,3,WAS,SEA,,0.31746,-0.07986,63.0,63
Q,2026_03_TEN_NYG,2026,3,NYG,,00-0031503,,-6.1147,25.0,25
Q,2026_03_TEN_NYG,2026,3,TEN,,00-0040676,,-6.4883,36.0,36
T,2026_03_TEN_NYG,2026,3,NYG,TEN,,0.38596,-0.11613,57.0,57
T,2026_03_TEN_NYG,2026,3,TEN,NYG,,0.40351,-0.14668,57.0,57
Q,2026_04_ARI_NYG,2026,4,ARI,,00-0033119,,-18.1623,37.0,37
Q,2026_04_ARI_NYG,2026,4,NYG,,00-0031503,,3.8835,34.0,34
T,2026_04_ARI_NYG,2026,4,ARI,NYG,,0.44444,-0.25005,63.0,63
T,2026_04_ARI_NYG,2026,4,NYG,ARI,,0.31746,-0.08168,63.0,63
Q,2026_04_ATL_NO,2026,4,ATL,,00-0039917,,7.129,19.5,21
Q,2026_04_ATL_NO,2026,4,NO,,00-0040743,,0.6956,32.75,50
T,2026_04_ATL_NO,2026,4,ATL,NO,,0.56111,0.34485,45.0,54
T,2026_04_ATL_NO,2026,4,NO,ATL,,0.34409,-0.15934,46.5,69
Q,2026_04_DAL_HOU,2026,4,DAL,,00-0033077,,9.8297,48.0,48
Q,2026_04_DAL_HOU,2026,4,HOU,,00-0039163,,14.9525,31.0,31
T,2026_04_DAL_HOU,2026,4,DAL,HOU,,0.43836,0.14361,73.0,73
T,2026_04_DAL_HOU,2026,4,HOU,DAL,,0.48,0.23797,50.0,50
Q,2026_04_DEN_SF,2026,4,DEN,,00-0039732,,5.7202,36.75,42
Q,2026_04_DEN_SF,2026,4,SF,,00-0037834,,8.1039,29.0,29
T,2026_04_DEN_SF,2026,4,DEN,SF,,0.42678,0.11312,59.75,65
T,2026_04_DEN_SF,2026,4,SF,DEN,,0.48387,0.12,62.0,62
Q,2026_04_DET_CAR,2026,4,CAR,,00-0039150,,22.599,41.0,44
Q,2026_04_DET_CAR,2026,4,DET,,00-0033106,,10.9751,47.75,53
T,2026_04_DET_CAR,2026,4,CAR,DET,,0.5229,0.34097,65.5,70
T,2026_04_DET_CAR,2026,4,DET,CAR,,0.44622,0.16933,62.75,68
Q,2026_04_GB_TB,2026,4,GB,,00-0036264,,6.9105,30.0,30
Q,2026_04_GB_TB,2026,4,TB,,00-0041251,,-4.3234,30.0,30
T,2026_04_GB_TB,2026,4,GB,TB,,0.46154,0.01825,52.0,52
T,2026_04_GB_TB,2026,4,TB,GB,,0.44262,-0.03772,61.0,61
Q,2026_04_IND_WAS,2026,4,IND,,00-0035710,,-13.3317,34.5,36
Q,2026_04_IND_WAS,2026,4,WAS,,00-0032268,,0.7481,5.0,5
Q,2026_04_IND_WAS,2026,4,WAS,,00-0041117,,-6.1026,25.0,34
T,2026_04_IND_WAS,2026,4,IND,WAS,,0.42324,-0.06868,60.25,64
T,2026_04_IND_WAS,2026,4,WAS,IND,,0.28141,-0.20086,49.75,61
Q,2026_04_JAX_CIN,2026,4,CIN,,00-0036442,,6.7477,54.5,56
Q,2026_04_JAX_CIN,2026,4,JAX,,00-0036971,,9.9939,27.25,28
T,2026_04_JAX_CIN,2026,4,CIN,JAX,,0.46403,0.0378,69.5,71
T,2026_04_JAX_CIN,2026,4,JAX,CIN,,0.44019,0.20742,52.25,53
Q,2026_04_KC_LV,2026,4,KC,,00-0033873,,1.7387,33.0,33
Q,2026_04_KC_LV,2026,4,LV,,00-0029604,,7.2499,47.0,50
T,2026_04_KC_LV,2026,4,KC,LV,,0.43103,0.13037,58.0,58
T,2026_04_KC_LV,2026,4,LV,KC,,0.47603,0.01498,73.0,76
Q,2026_04_LAC_SEA,2026,4,LAC,,00-0036355,,-17.2734,27.5,35
Q,2026_04_LAC_SEA,2026,4,LAC,,00-0040727,,-0.5674,1.0,1
Q,2026_04_LAC_SEA,2026,4,SEA,,00-0034869,,-3.325,19.75,25
T,2026_04_LAC_SEA,2026,4,LAC,SEA,,0.33,-0.37114,50.0,68
T,2026_04_LAC_SEA,2026,4,SEA,LAC,,0.43713,-0.01048,41.75,56
Q,2026_04_LA_PHI,2026,4,LA,,00-0026498,,0.4033,51.25,52
Q,2026_04_LA_PHI,2026,4,PHI,,00-0036389,,-4.2414,29.5,31
T,2026_04_LA_PHI,2026,4,LA,PHI,,0.49502,0.05028,75.25,76
T,2026_04_LA_PHI,2026,4,PHI,LA,,0.35023,-0.20718,54.25,58
Q,2026_04_MIA_MIN,2026,4,MIA,,00-0038128,,-12.4121,19.0,19
Q,2026_04_MIA_MIN,2026,4,MIN,,00-0035228,,-0.6644,41.0,41
T,2026_04_MIA_MIN,2026,4,MIA,MIN,,0.35135,-0.20391,37.0,37
T,2026_04_MIA_MIN,2026,4,MIN,MIA,,0.3956,-0.03872,68.25,69
Q,2026_04_NE_BUF,2026,4,BUF,,00-0034857,,2.7233,35.0,35
Q,2026_04_NE_BUF,2026,4,NE,,00-0039851,,11.0266,39.0,39
T,2026_04_NE_BUF,2026,4,BUF,NE,,0.4,0.09946,55.0,55
T,2026_04_NE_BUF,2026,4,NE,BUF,,0.51389,0.19111,72.0,72
Q,2026_04_NYJ_CHI,2026,4,CHI,,00-0038416,,6.5851,29.75,35
Q,2026_04_NYJ_CHI,2026,4,NYJ,,00-0030565,,-9.222,16.5,18
T,2026_04_NYJ_CHI,2026,4,CHI,NYJ,,0.58088,0.06119,68.0,86
T,2026_04_NYJ_CHI,2026,4,NYJ,CHI,,0.37705,-0.28687,30.5,32
Q,2026_04_PIT_CLE,2026,4,CLE,,00-0033537,,9.183,35.0,35
Q,2026_04_PIT_CLE,2026,4,PIT,,00-0023459,,2.4233,46.0,46
T,2026_04_PIT_CLE,2026,4,CLE,PIT,,0.48945,0.1041,59.25,60
T,2026_04_PIT_CLE,2026,4,PIT,CLE,,0.4697,0.07072,66.0,66
Q,2026_04_TEN_BAL,2026,4,BAL,,00-0034796,,11.7524,22.0,22
Q,2026_04_TEN_BAL,2026,4,BAL,,00-0035993,,0.6018,4.5,9
Q,2026_04_TEN_BAL,2026,4,TEN,,00-0040676,,-4.4576,24.75,33
T,2026_04_TEN_BAL,2026,4,BAL,TEN,,0.47977,0.29528,43.25,59
T,2026_04_TEN_BAL,2026,4,TEN,BAL,,0.35533,-0.19672,49.25,59
Q,2026_05_TB_DAL,2026,5,DAL,,00-0033077,,-6.5816,40.0,43
Q,2026_05_TB_DAL,2026,5,TB,,00-0041251,,5.8748,24.5,26
T,2026_05_TB_DAL,2026,5,DAL,TB,,0.45933,-0.1109,52.25,56
T,2026_05_TB_DAL,2026,5,TB,DAL,,0.48357,0.22511,53.25,63
